Email,Crime_Score,Crime_text,fault earthquake score,fault earthquake text,FireProtection score,FireProtection text,enhanced hazardhub flood score,enhanced hazardhub flood text,Hail_score,Hail_text,lightning_score,lightning_text,sinhole_score,Sinkhole_text,tornado_score,tornado_text,Wildfire_score,Wildfire_text,Underwriting
samuelbramwell@yahoo.com,A,Very low crime rate,A,More than 20 Miles from Known Earthquake Fault,B,Within Municipality & > 1 & <= 2 Drive Miles from Fire Station,F,Very High risk of flood damage,C,Moderate,E,Very High,C,"< 1,000 Feet from Reported Sinkhole",C,Moderate,A,None/Very Low,"Overall, the property appears to have a mixed risk profile, with some factors presenting relatively low risk (such as crime, earthquake, and tornado) and others presenting higher risk (such as flood, lightning, and sinkhole). The risk score would be a cumulative assessment of these individual risk factors. In this case, the risk score could be around 4 to 5, indicating a moderate level of overall risk."
jasonramos710@gmail.com,B,Low crime rate,B,More than 15 Miles from Known Earthquake Fault,A,Outside of Municipality & <= 1 Drive Miles from Fire Station,A,Extremely Low risk of flood damage,C,Moderate,A,Very low,A,>9 miles from Reported Sinkhole,D,High,A,None/Very Low,"Given the distribution of risk scores, the overall risk score for this property could be around 3 to 4. This score suggests a moderate overall risk level for the property.
The high risk associated with sinkholes may warrant a higher premium for that specific risk.
Other risk factors, such as low crime rate, low earthquake risk, favorable proximity to a fire station, and very low risk of floods, tornadoes, and wildfires, indicate lower risk levels and may result in more standard premium rates."
christeetersells@gmail.com,C,Moderate crime rate,D,More than 5 Miles from Known Earthquake Fault,C,Within Municipality & > 3 & <= 5 Drive Miles from Fire Station,B,Low risk of flood damage,A,Very Low,B,Low,B,5 miles from Reported Sinkhole,A,Very low,B,Low,"Given the distribution of risk scores, the overall risk score for this property could be around 2 to 3. This score suggests a moderate overall risk level for the property.
The moderate risk associated with the crime rate may warrant a moderate premium increase for that specific risk.
Other risk factors, such as low earthquake risk, favorable proximity to a fire station, low risk of floods, hail, lightning, and sinkholes, indicate generally lower risk levels and may result in standard or slightly increased premium rates."
claims@bpinjury.com,D,High Crime rate,E,Present on the Known Earthquake Fault,E,Within Municipality & > 10 & <= 15 Drive Miles from Fire Station,D,Moderate high risk of flood damage,B,Low,D,High,D,< 500 Feet from Reported Sinkhole,B,Low,D,High,"Given the distribution of risk scores, the overall risk score for this property could be around 6 to 7. This score suggests a moderate to high overall risk level for the property."
alvincriswell@yahoo.com,E,Very High Crime rate,C,More than 10 Miles from Known Earthquake Fault,E,Within Municipality & > 10 & <= 15 Drive Miles from Fire Station,C,Moderate low risk of flood damage,D,High,C,Moderate,E,< 100 Feet from Reported Sinkhole,E,Very high,C,Moderate,"Given the distribution of risk scores, the overall risk score for this property could be around 7 to 8. This score suggests a high overall risk level for the property.
The very high risk associated with the crime rate and sinkhole risk may significantly impact the premium for this property.
Other risk factors, such as earthquake risk, proximity to a fire station, flood risk, hail risk, lightning risk, and moderate crime rate, could contribute to an elevated premium.

Due to the presence of multiple high-risk factors, the premium for this property is likely to be higher compared to properties with lower risk factors. Premium pricing will also depend on various other factors such as the property's value, construction materials, local regulations, and the insurance company's pricing model."
suejbee@comcast.net,B,Low crime rate,A,More than 20 Miles from Known Earthquake Fault,D,Within Municipality & > 5 & <= 10 Drive Miles from Fire Station,E,High risk of flood damage,E,Very high,A,Very Low,A,>9 miles from Reported Sinkhole,A,Very Low,E,Very high,"Given the distribution of risk scores, the overall risk score for this property could be around 5 to 6. This score suggests a moderate overall risk level for the property.
The very high risk associated with hail and lightning, along with the high flood risk, may significantly influence the premium for this property.
Other risk factors, such as low crime rate, low earthquake risk, moderate proximity to a fire station, and very low sinkhole risk, could contribute to a balanced premium.

Due to the presence of high and very high risk factors, particularly in relation to hail, lightning, and flood risks, the premium for this property is likely to be higher compared to properties with lower risk factors. Premium pricing will also depend on various other factors such as the property's value, construction materials, local regulations, and the insurance company's pricing model."
hubble2@att.net,A,Very low crime rate,E,Present on the Known Earthquake Fault,A,Outside of Municipality & <= 1 Drive Miles from Fire Station,D,Moderate high risk of flood damage,A,Very Low,D,High,D,< 500 Feet from Reported Sinkhole,B,Low,B,Low,"Given the distribution of risk scores, the overall risk score for this property could be around 4 to 5. This score suggests a moderate overall risk level for the property.
The high risk associated with earthquake risk may influence the premium for this property, particularly if the property is located on a known earthquake fault.
Other risk factors, such as very low crime rate, favorable proximity to a fire station, moderate high flood risk, low hail risk, low lightning risk, and low sinkhole risk, could contribute to a balanced premium.

Due to the presence of several moderate risk factors, particularly earthquake risk, the premium for this property might be somewhat elevated compared to properties with lower risk factors. Premium pricing will also depend on various other factors such as the property's value, construction materials, local regulations, and the insurance company's pricing model."
dmh0984@comcast.net,C,Moderate crime rate,B,More than 15 Miles from Known Earthquake Fault,D,Within Municipality & > 5 & <= 10 Drive Miles from Fire Station,A,Extremely Low risk of flood damage,B,Low,C,Moderate,E,< 100 Feet from Reported Sinkhole,D,High,A,Very Low,"Given the distribution of risk scores, the overall risk score for this property could be around 4 to 5. This score suggests a moderate overall risk level for the property.
The high risk associated with sinkhole risk may significantly impact the premium for this property.
Other risk factors, such as moderate crime rate, low earthquake risk, moderate proximity to a fire station, extremely low flood risk, low hail risk, and moderate lightning risk, could contribute to a more balanced premium.

Due to the presence of a high risk factor (sinkhole risk) and a mix of moderate risk factors, the premium for this property might be somewhat elevated compared to properties with lower risk factors. Premium pricing will also depend on various other factors such as the property's value, construction materials, local regulations, and the insurance company's pricing model."
amullens03@gmail.com,E,Very High Crime rate,C,More than 10 Miles from Known Earthquake Fault,C,Within Municipality & > 3 & <= 5 Drive Miles from Fire Station,B,Low risk of flood damage,D,High,B,Low,B,5 miles from Reported Sinkhole,C,moderate,C,Moderate,"Given the distribution of risk scores, the overall risk score for this property could be around 5 to 6. This score suggests a moderate overall risk level for the property.
The very high risk associated with crime rate may significantly influence the premium for this property.
Other risk factors, such as low earthquake risk, moderate proximity to a fire station, low flood risk, moderate hail risk, low lightning risk, and moderate sinkhole risk, could contribute to a more balanced premium.

Due to the presence of a very high risk factor (crime rate) and a mix of other risk factors, the premium for this property might be elevated compared to properties with lower risk factors. Premium pricing will also depend on various other factors such as the property's value, construction materials, local regulations, and the insurance company's pricing model."